ip_address_id,date,ip_address
1,None,None
2,2024-11-05,192.168.34.1
3,2024-11-03,192.168.33.128
4,2024-11-03,108.138.190.150
5,2024-11-04,192.168.33.88
6,2024-11-04,192.168.33.50
7,2024-11-05,192.168.33.137
8,2024-11-02,192.168.33.1
9,2024-11-08,0.0.0.0
10,2024-11-06,192.168.33.81
11,,192.168.33.58
12,,192.168.34.130
13,,192.168.33.84
14,,192.168.33.45
15,,192.168.33.38
16,,192.168.33.47
17,,192.168.33.18
18,,192.168.33.15
19,,192.168.33.92
20,,192.168.33.72
21,,192.168.66.28
22,,192.168.33.46
23,,34.77.92.186
24,,192.168.33.78
25,,192.168.33.87
26,,fe80:0000:0000:0000:65e5:6b20:7d28:da70
27,,192.168.33.97
28,,192.168.33.108
29,,192.168.66.7
30,,192.168.66.3
31,,35.186.224.24
32,,169.254.1.1
33,,192.168.33.34
34,,18.168.235.151
35,,192.168.33.64
36,,142.251.143.195
37,,192.168.66.19
38,,192.168.33.17
39,,216.58.204.227
40,,34.149.211.227
41,,192.168.33.28
42,,192.168.33.4
43,,142.251.209.42
44,,142.251.209.10
45,,192.168.66.21
46,,fe80:0000:0000:0000:002a:e2db:6415:7083
47,,142.251.209.35
48,,8.8.8.8
49,,192.168.33.52
50,,104.18.39.102
51,,35.174.127.31
52,,142.250.180.131
53,,192.168.33.20
54,,192.168.33.42
55,,185.230.212.30
56,,192.168.33.80
57,,fe80:0000:0000:0000:1477:1ad5:c989:9ada
58,,192.168.33.200
59,,192.168.66.16
60,,192.168.33.69
61,,fe80:0000:0000:0000:0220:6bff:fe0a:4673
62,,169.254.1.2
63,,13.107.138.10
64,,34.120.68.241
65,,192.168.33.25
66,,192.168.33.252
67,,192.168.33.75
68,,34.120.160.131
69,,169.254.1.4
70,,192.168.66.17
71,,fe80:0000:0000:0000:0823:d9aa:66a2:9507
72,,91.189.91.48
73,,192.168.33.198
74,,142.251.209.3
75,,34.107.199.61
76,,142.251.209.46
77,,52.109.28.46
78,,192.168.66.8
79,,108.156.2.34
80,,142.251.209.14
81,,2.20.157.152
82,,74.125.128.188
83,,74.125.143.188
84,,142.251.209.33
85,,35.207.173.77
86,,192.168.33.26
87,,192.168.33.49
88,,192.168.33.111
89,,35.186.224.28
90,,140.211.169.196
91,,fe80:0000:0000:0000:5eed:8cff:fe65:1140
92,,169.254.1.3
93,,192.168.33.65
94,,216.58.205.36
95,,142.250.180.142
96,,192.168.66.14
97,,192.168.33.90
98,,80.67.82.217
99,,2.19.192.35
100,,8.8.4.4
101,,20.50.80.214
102,,192.229.221.95
103,,185.166.143.48
104,,216.58.205.35
105,,192.168.33.220
106,,192.168.66.9
107,,31.13.86.49
108,,17.57.146.25
109,,fe80:0000:0000:0000:7683:c2ff:fe12:e34b
110,,fe80:0000:0000:0000:10fd:12c9:0c56:a16d
111,,192.168.33.77
112,,192.168.33.7
113,,192.168.33.35
114,,52.182.143.212
115,,192.168.66.22
116,,2.19.192.25
117,,fe80:0000:0000:0000:145c:32a8:5db7:bbdd
118,,fe80:0000:0000:0000:1057:5157:6d30:8d3b
119,,162.125.69.13
120,,23.206.251.88
121,,80.67.82.240
122,,192.168.66.5
123,,fe80:0000:0000:0000:005d:a086:8eee:81cf
124,,13.107.42.21
125,,108.177.127.109
126,,192.168.66.10
127,,173.243.138.76
128,,44.211.8.230
129,,fe80:0000:0000:0000:9342:fa5e:7d72:5b7f
130,,17.248.209.69
131,,185.20.209.29
132,,172.224.59.4
133,,192.168.33.53
134,,34.225.75.78
135,,192.168.33.157
136,,18.66.218.75
137,,3.165.245.25
138,,92.123.180.41
139,,fe80:0000:0000:0000:0220:6bff:feb7:16c5
140,,5.89.21.18
141,,131.253.33.239
142,,92.123.101.82
143,,fe80:0000:0000:0000:4e19:2542:c827:62c4
144,,192.168.33.27
145,,8.43.85.73
146,,13.248.144.105
147,,17.248.236.69
148,,172.64.149.23
149,,192.168.66.11
150,,34.96.128.111
151,,fe80:0000:0000:0000:5501:0895:65ae:1710
152,,162.125.69.12
153,,104.16.249.249
154,,216.58.204.229
155,,151.101.192.95
156,,23.220.255.60
157,,216.58.204.238
158,,99.83.231.61
159,,169.254.12.1
160,,34.120.195.249
161,,216.58.204.133
162,,fe80:0000:0000:0000:d704:ae03:90b8:3f9b
163,,92.123.101.105
164,,34.104.35.123
165,,209.192.201.180
166,,fe80:0000:0000:0000:0cbd:8a21:6a76:2302
167,,52.218.56.40
168,,108.128.12.114
169,,162.125.21.2
170,,fe80:0000:0000:0000:0040:6d35:1a56:2d35
171,,fe80:0000:0000:0000:18d6:0a64:2345:2a0a
172,,2.19.192.33
173,,fe80:0000:0000:0000:1f70:5dc4:93c9:222d
174,,142.250.180.174
175,,216.58.204.234
176,,fe80:0000:0000:0000:1495:ca02:5174:e992
177,,2.19.192.83
178,,31.13.86.4
179,,216.58.205.42
180,,fe80:0000:0000:0000:ddb2:8e00:997b:58c1
181,,104.18.21.226
182,,0000:0000:0000:0000:0000:0000:0000:0000
183,,20.189.172.32
184,,67.219.144.68
185,,142.250.180.147
186,,130.211.34.183
187,,fe80:0000:0000:0000:1c63:4bf4:4cf8:5ab2
188,,fe80:0000:0000:0000:001d:1844:e491:91a9
189,,74.125.128.108
190,,13.107.246.60
191,,92.123.101.147
192,,109.70.240.130
193,,52.98.242.226
194,,89.46.74.148
195,,104.208.16.94
196,,82.193.37.83
197,,104.26.14.90
198,,192.168.33.123
199,,192.168.66.1
200,,52.98.250.130
201,,142.251.143.99
202,,52.109.76.243
203,,216.58.204.142
204,,52.168.117.173
205,,fe80:0000:0000:0000:d76a:e2a9:4b76:b548
206,,fe80:0000:0000:0000:2c25:e1ff:fe69:d96d
207,,2.17.141.220
208,,3.70.26.223
209,,17.253.122.195
210,,17.253.15.215
211,,162.125.6.20
212,,fe80:0000:0000:0000:eb36:5e61:c8b9:d9ea
213,,20.190.147.2
214,,142.251.209.5
215,,172.224.98.13
216,,184.87.213.174
217,,216.58.209.42
218,,17.248.209.137
219,,2.19.192.11
220,,91.189.91.157
221,,216.58.205.46
222,,fe80:0000:0000:0000:19f8:c7b5:e24a:5e0f
223,,40.99.201.178
224,,34.102.140.244
225,,17.57.146.56
226,,20.42.73.28
227,,216.58.204.138
228,,35.190.72.216
229,,162.243.219.11
230,,13.107.6.156
231,,2.22.9.207
232,,92.123.101.240
233,,fe80:0000:0000:0000:5054:00ff:fea6:6371
234,,204.79.197.203
235,,fe80:0000:0000:0000:3f96:4ed9:dc80:66a8
236,,20.190.177.148
237,,157.240.203.34
238,,192.168.33.66
239,,fe80:0000:0000:0000:ddbc:1dec:d222:d76d
240,,142.251.209.34
241,,192.168.33.139
242,,35.190.52.116
243,,23.211.190.126
244,,142.250.180.133
245,,204.79.197.212
246,,84.17.59.115
247,,17.57.146.54
248,,163.181.50.224
249,,2.22.33.235
250,,216.58.204.131
251,,108.177.96.188
252,,89.36.170.147
253,,2.20.156.28
254,,40.117.192.222
255,,142.251.209.40
256,,35.158.82.34
257,,23.220.255.34
258,,17.248.236.68
259,,18.66.196.19
260,,3.68.124.168
261,,17.253.53.203
262,,185.230.212.121
263,,17.253.108.125
264,,38.145.60.21
265,,142.251.209.4
266,,184.105.99.48
267,,20.189.173.18
268,,17.248.213.64
269,,172.64.148.154
270,,17.248.209.65
271,,17.42.251.69
272,,35.241.35.223
273,,142.250.180.138
274,,23.206.251.91
275,,104.225.98.130
276,,172.64.146.215
277,,45.54.49.1
278,,74.125.143.109
279,,108.157.194.27
280,,20.189.173.23
281,,fe80:0000:0000:0000:14d6:9861:4855:d641
282,,185.230.212.14
283,,185.230.212.112
284,,74.125.143.108
285,,130.211.16.53
286,,185.230.212.11
287,,104.16.9.45
288,,107.178.240.159
289,,34.128.128.0
290,,130.211.44.5
291,,192.168.66.6
292,,185.125.190.96
293,,142.250.145.188
294,,104.104.55.27
295,,185.125.190.18
296,,13.107.42.14
297,,17.248.209.67
298,,44.217.82.191
299,,104.18.32.47
300,,3.233.218.17
301,,13.226.175.69
302,,54.200.236.136
303,,172.64.155.209
304,,fe80:0000:0000:0000:1cb5:157b:98cc:987d
305,,185.166.143.49
306,,185.166.143.50
307,,34.106.86.104
308,,99.86.159.104
309,,35.244.174.68
310,,35.190.25.25
311,,107.154.76.118
312,,185.184.8.90
313,,18.185.216.132
314,,17.57.12.242
315,,142.250.180.163
316,,13.226.175.41
317,,140.82.121.5
318,,216.58.204.225
319,,17.248.213.65
320,,185.20.209.55
321,,20.50.73.11
322,,17.57.146.23
323,,31.13.91.40
324,,216.58.204.132
325,,185.230.212.19
326,,40.99.217.50
327,,185.102.40.53
328,,1.1.1.1
329,,81.88.58.204
330,,142.250.145.109
331,,17.248.209.70
332,,17.36.200.79
333,,37.247.53.178
334,,34.54.215.149
335,,34.117.254.173
336,,3.33.148.61
337,,54.83.229.213
338,,17.253.122.203
339,,35.186.212.217
340,,192.168.33.5
341,,fe80:0000:0000:0000:d403:7d0f:72c5:9757
342,,35.241.14.4
343,,17.248.209.66
344,,20.54.37.64
345,,16.170.124.74
346,,17.253.122.198
347,,40.112.143.140
348,,185.230.212.20
349,,78.47.223.143
350,,142.251.143.131
351,,52.113.194.132
352,,57.153.124.213
353,,52.112.120.216
354,,3.126.186.102
355,,16.63.53.143
356,,52.123.159.140
357,,52.178.17.233
358,,134.213.193.62
359,,69.173.144.165
360,,44.214.85.169
361,,13.107.5.93
362,,17.248.209.64
363,,52.98.206.242
364,,184.87.212.13
365,,185.125.188.59
366,,52.97.201.242
367,,17.252.196.22
368,,20.50.201.204
369,,86.105.14.235
370,,185.157.229.254
371,,100.8.51.155
372,,104.18.11.212
373,,fe80:0000:0000:0000:1863:d5b2:684e:f8f1
374,,17.248.213.71
375,,216.239.36.223
376,,2.18.48.37
377,,172.224.59.11
378,,35.186.224.45
379,,17.57.146.55
380,,52.109.77.37
381,,162.125.21.3
382,,31.13.86.51
383,,13.69.248.157
384,,108.157.194.74
385,,92.123.101.83
386,,95.101.122.16
387,,150.171.28.10
388,,216.239.34.223
389,,52.155.91.177
390,,151.101.129.91
391,,142.250.180.170
392,,17.253.122.199
393,,34.203.58.160
394,,17.248.209.74
395,,151.101.2.46
396,,52.97.135.50
397,,91.81.129.96
398,,192.168.33.23
399,,192.168.33.32
400,,192.168.33.8
401,,192.168.33.37
402,,192.168.33.102
403,,192.168.33.86
404,,192.168.33.79
405,,192.168.33.2
406,,192.168.33.10
407,,192.168.33.83
408,,192.168.33.29
409,,3.229.202.201
410,,fe80:0000:0000:0000:1abc:385f:cdd8:5359
411,,172.67.69.19
412,,34.120.202.204
413,,fe80:0000:0000:0000:181a:8109:9ce3:70d8
414,,208.93.169.131
415,,38.145.60.20
416,,fe80:0000:0000:0000:08c4:d351:809a:402c
417,,52.97.201.210
418,,fe80:0000:0000:0000:1c64:cf36:c3b9:5dfa
419,,fe80:0000:0000:0000:049a:0338:7306:43dd
420,,52.218.90.144
421,,fe80:0000:0000:0000:56ee:75ff:feb3:fcd0
422,,192.0.77.2
423,,fe80:0000:0000:0000:18c2:cfdb:6494:5c59
424,,40.99.201.210
425,,17.248.236.65
426,,17.57.146.26
427,,52.218.116.218
428,,63.215.202.169
429,,85.236.55.6
430,,fe80:0000:0000:0000:0048:5de7:8aeb:61c5
431,,17.253.15.205
432,,208.184.237.75
433,,3.67.124.21
434,,172.240.45.81
435,,108.138.197.103
436,,18.159.254.57
437,,54.187.92.102
438,,fe80:0000:0000:0000:1c9a:c387:f88b:2f56
439,,172.213.232.0
440,,192.168.33.9
441,,152.19.134.198
442,,23.41.187.24
443,,23.41.187.33
444,,178.79.225.128
445,,fe80:0000:0000:0000:1002:5a3a:bd6c:a674
446,,52.97.201.226
447,,fe80:0000:0000:0000:08df:eb46:0729:9855
448,,108.139.243.123
449,,192.124.249.24
450,,51.178.195.208
451,,3.253.181.25
452,,216.58.204.130
453,,fe80:0000:0000:0000:ea71:9cbf:037b:cae5
454,,17.253.15.204
455,,93.94.88.51
456,,142.250.180.162
457,,fe80:0000:0000:0000:258e:08c8:5042:c4a5
458,,13.32.110.99
459,,192.168.33.36
460,,17.253.15.209
461,,92.123.101.97
462,,23.52.54.185
463,,141.226.228.48
464,,213.227.153.228
465,,54.83.150.46
466,,2.20.157.165
467,,5.196.111.65
468,,70.42.32.63
469,,162.125.69.17
470,,52.29.96.228
471,,fe80:0000:0000:0000:1cf4:4ac6:f2c7:3adf
472,,162.125.69.14
473,,216.58.204.129
474,,17.248.236.67
475,,13.69.116.108
476,,192.124.249.22
477,,54.228.140.140
478,,69.173.156.139
479,,18.66.218.83
480,,35.210.215.209
481,,17.137.162.3
482,,108.157.194.80
483,,95.100.236.28
484,,108.157.188.10
485,,216.58.209.33
486,,178.250.1.7
487,,17.57.146.24
488,,34.193.171.116
489,,169.150.247.39
490,,37.252.171.21
491,,216.239.34.36
492,,17.57.146.22
493,,52.26.90.251
494,,104.18.20.226
495,,108.156.0.98
496,,34.255.96.148
497,,20.42.65.90
498,,8.43.85.67
499,,140.82.121.6
500,,185.170.62.67
501,,146.75.54.73
502,,108.139.245.225
503,,108.156.0.231
504,,92.123.101.107
505,,95.140.230.217
506,,192.168.66.18
507,,92.123.101.137
508,,192.168.66.40
509,,152.199.21.175
510,,92.123.101.139
511,,92.123.101.145
512,,92.123.101.123
513,,162.125.1.20
514,,92.123.101.146
515,,142.250.180.161
516,,2.22.248.148
517,,1.0.0.1
518,,91.81.217.226
519,,172.224.98.6
520,,fe80:0000:0000:0000:e8aa:0726:4467:1184
521,,142.251.209.1
522,,193.203.232.66
523,,92.123.101.122
524,,151.101.65.91
525,,fe80:0000:0000:0000:148b:5dfd:7f1b:9bca
526,,185.41.106.155
527,,82.98.66.54
528,,192.168.1.92
529,,185.230.212.39
530,,52.108.240.61
531,,142.250.180.145
532,,34.96.126.106
533,,52.168.112.67
534,,92.123.101.98
535,,3.218.179.28
536,,17.253.122.200
537,,17.8.136.172
538,,169.150.255.183
539,,13.107.136.10
540,,85.199.214.99
541,,2001:0b07:5d29:fcf9:18e3:4bb8:f4e5:74b1
542,,23.214.205.124
543,,20.20.35.160
544,,17.253.122.196
545,,fe80:0000:0000:0000:0c8a:df19:7c20:defe
546,,213.230.210.231
547,,216.58.209.35
548,,91.189.91.96
549,,172.213.244.64
550,,142.251.209.37
551,,13.107.253.72
552,,204.79.197.219
553,,185.199.108.153
554,,104.18.38.233
555,,17.248.195.72
556,,17.253.57.202
557,,13.107.6.158
558,,17.57.146.57
559,,152.199.19.161
560,,17.253.14.251
561,,92.123.101.136
562,,34.95.113.255
563,,17.253.122.197
564,,17.253.57.199
565,,134.158.69.171
566,,13.107.21.237
567,,20.189.173.24
568,,185.125.190.49
569,,34.221.3.152
570,,52.51.118.159
571,,3.68.170.153
572,,104.18.43.226
573,,185.230.212.28
574,,151.101.129.140
575,,104.104.55.43
576,,54.164.165.10
577,,23.34.1.167
578,,104.18.66.57
579,,52.123.129.14
580,,104.18.32.7
581,,3.160.212.102
582,,152.19.134.142
583,,13.74.129.1
584,,142.250.180.129
585,,44.226.67.81
586,,2.20.156.59
587,,185.230.212.13
588,,92.123.180.8
589,,17.138.175.254
590,,13.107.5.91
591,,2.18.254.144
592,,18.159.197.225
593,,104.26.13.205
594,,31.13.86.8
595,,2.18.218.41
596,,216.58.209.46
597,,92.123.101.120
598,,192.168.66.24
599,,192.168.66.12
600,,192.168.66.27
601,,192.168.33.124
602,,18.214.252.60
603,,192.168.33.54
604,,91.80.49.21
605,,172.213.208.98
606,,31.13.86.34
607,,17.253.122.201
608,,95.100.181.133
609,,172.213.243.16
610,,57.144.120.9
611,,34.117.35.28
612,,184.87.212.33
613,,fe80:0000:0000:0000:64b7:20f6:3655:ef61
614,,51.124.78.146
615,,52.218.40.112
616,,fe80:0000:0000:0000:58d1:c13d:ba10:85b5
617,,fe80:0000:0000:0000:54e4:2820:a77a:4e01
618,,23.206.251.48
619,,31.13.86.175
620,,23.206.251.114
621,,108.157.194.33
622,,17.248.209.130
623,,17.253.57.209
624,,fe80:0000:0000:0000:1ce1:a7db:014c:6eb4
625,,192.168.33.11
626,,151.101.3.6
627,,216.239.36.127
628,,132.163.97.6
629,,20.114.189.70
630,,23.40.156.118
631,,151.101.2.217
632,,162.243.187.25
633,,35.186.224.44
634,,52.182.143.209
635,,192.168.33.63
636,,162.159.200.123
637,,192.168.33.82
638,,18.158.180.86
639,,52.247.240.158
640,,18.102.139.81
641,,3.236.1.89
642,,184.72.197.48
643,,fe80:0000:0000:0000:c7f7:ef9b:7fa0:6b75
644,,80.67.82.201
645,,35.152.104.113
646,,34.0.63.29
647,,52.123.144.79
648,,188.65.124.66
649,,216.58.204.226
650,,fe80:0000:0000:0000:184e:e2c5:8c9e:116f
651,,208.67.222.222
652,,fe80:0000:0000:0000:04a7:e915:f191:127c
653,,146.112.41.5
654,,17.253.15.206
655,,13.107.42.18
656,,17.36.206.7
657,,185.89.210.46
658,,108.139.243.47
659,,172.64.152.249
660,,34.117.223.223
661,,151.101.3.8
662,,3.230.220.73
663,,178.250.1.11
664,,51.116.246.105
665,,216.58.209.38
666,,35.190.39.137
667,,108.139.243.44
668,,93.39.128.41
669,,20.189.172.33
670,,50.17.248.72
671,,44.217.70.191
672,,35.219.227.120
673,,34.154.230.231
674,,162.247.243.39
675,,18.192.40.85
676,,35.207.140.42
677,,104.19.191.106
678,,fe80:0000:0000:0000:9ac1:7209:185c:3c27
679,,40.126.53.21
680,,52.109.89.19
681,,23.1.64.185
682,,37.157.6.231
683,,172.67.74.167
684,,99.86.159.117
685,,23.32.114.103
686,,52.123.144.67
687,,142.251.31.109
688,,37.157.6.233
689,,162.247.243.29
690,,3.5.66.197
691,,34.107.254.252
692,,2.19.192.34
693,,199.232.197.50
694,,142.251.168.84
695,,17.253.122.204
696,,193.206.214.14
697,,185.125.190.81
698,,fe80:0000:0000:0000:09e1:5e89:22fd:733e
699,,52.94.222.140
700,,20.231.131.224
701,,142.251.209.6
702,,52.109.76.62
703,,151.101.194.114
704,,34.95.69.49
705,,199.232.198.133
706,,35.214.136.108
707,,34.92.0.27
708,,34.149.169.145
709,,64.202.112.63
710,,172.211.173.45
711,,18.235.168.31
712,,13.248.241.119
713,,69.173.144.137
714,,17.248.236.66
715,,108.177.119.108
716,,17.253.14.161
717,,40.79.141.152
718,,108.177.119.109
719,,13.89.179.12
720,,184.87.213.107
721,,23.211.189.47
722,,172.64.152.89
723,,104.22.52.86
724,,63.34.5.40
725,,193.203.234.124
726,,34.247.133.198
727,,108.157.194.6
728,,108.157.194.51
729,,18.195.17.219
730,,138.201.8.249
731,,69.173.144.138
732,,99.80.76.3
733,,52.214.3.72
734,,54.194.193.121
735,,35.213.17.49
736,,80.82.210.217
737,,89.149.193.104
738,,89.207.16.140
739,,34.255.224.202
740,,52.123.159.126
741,,fe80:0000:0000:0000:10e7:a902:c087:6ef3
742,,2a01:0827:0cdf:4501:a5ad:dc3d:a0df:5a77
743,,35.190.88.132
744,,20.90.50.115
745,,20.189.173.22
746,,91.228.74.200
747,,35.186.238.232
748,,57.129.18.111
749,,178.250.1.25
750,,212.102.54.197
751,,104.18.86.42
752,,34.249.169.71
753,,23.52.62.22
754,,3.251.12.140
755,,198.47.127.18
756,,76.223.111.18
757,,52.45.196.192
758,,20.190.177.84
759,,193.203.232.115
760,,3.254.236.147
761,,104.83.114.3
762,,52.98.168.178
763,,87.248.119.252
764,,162.19.138.83
765,,2a01:0827:0cdf:4501:b9f0:4566:65d7:3da5
766,,184.87.213.62
767,,185.89.210.90
768,,216.239.34.157
769,,3.33.220.150
770,,154.54.250.81
771,,69.166.1.34
772,,17.248.209.68
773,,17.253.15.220
774,,108.138.192.111
775,,104.18.38.76
776,,20.189.173.20
777,,79.140.81.57
778,,185.141.165.254
779,,169.150.247.37
780,,3.69.219.181
781,,fe80:0000:0000:0000:aa4f:d90b:19a2:9a88
782,,17.253.53.201
783,,17.248.209.73
784,,2.21.12.169
785,,104.18.17.9
786,,44.215.234.239
787,,13.89.179.10
788,,20.42.73.24
789,,192.168.66.41
790,,17.253.15.195
791,,fe80:0000:0000:0000:04b2:b829:3513:8f52
792,,2.22.248.18
793,,23.52.56.156
794,,16.63.53.144
795,,192.0.73.2
796,,142.250.180.132
797,,52.109.32.46
798,,108.139.243.59
799,,35.190.10.96
800,,173.194.69.109
801,,173.194.69.108
802,,52.236.189.97
803,,104.154.127.247
804,,157.240.195.24
805,,17.23.96.10
806,,16.16.163.191
807,,35.158.46.71
808,,151.101.194.133
809,,54.155.237.78
810,,fe80:0000:0000:0000:c8af:ebff:fec2:1e5d
811,,17.248.236.64
812,,17.111.103.20
813,,23.211.189.71
814,,18.168.253.132
815,,172.224.55.10
816,,34.251.123.211
817,,17.253.122.202
818,,199.232.214.172
819,,40.118.94.234
820,,89.189.177.241
821,,52.6.97.148
822,,17.248.209.72
823,,17.167.200.57
824,,20.216.216.239
825,,104.225.98.131
826,,31.13.86.52
827,,52.111.243.42
828,,34.120.32.134
829,,52.109.32.7
830,,20.190.147.3
831,,142.250.180.165
832,,35.201.124.40
833,,216.58.205.34
834,,151.101.192.84
835,,35.190.80.1
836,,74.125.250.248
837,,193.70.18.144
838,,52.178.17.3
839,,172.224.98.14
840,,152.199.19.160
841,,3.122.43.1
842,,3.5.68.103
843,,20.86.226.133
844,,2.18.254.43
845,,34.101.114.154
846,,169.150.247.35
847,,3.68.175.98
848,,35.186.241.51
849,,34.149.135.19
850,,2.18.254.139
851,,104.18.34.56
852,,142.251.143.163
853,,151.101.1.111
854,,91.81.217.176
855,,172.213.208.102
856,,64.233.184.82
857,,216.58.204.251
858,,74.125.126.94
859,,74.125.133.82
860,,216.58.205.59
861,,3.231.114.250
862,,52.111.255.0
863,,35.168.201.168
864,,35.201.97.85
865,,52.112.238.177
866,,216.58.204.155
867,,74.125.128.109
868,,35.213.232.93
869,,104.208.16.90
870,,35.201.100.119
871,,20.73.194.208
872,,172.224.59.8
873,,13.226.175.57
874,,17.253.14.73
875,,20.189.173.16
876,,20.50.73.10
877,,13.69.116.104
878,,20.231.128.67
879,,151.101.130.217
880,,17.57.146.27
881,,20.42.128.105
882,,2.22.34.73
883,,172.217.218.109
884,,17.248.209.71
885,,34.98.110.65
886,,108.157.188.89
887,,185.125.190.98
888,,17.253.53.209
889,,52.109.89.119
890,,17.253.14.125
891,,172.217.218.188
892,,35.212.207.78
893,,3.230.46.23
894,,23.214.204.159
895,,2.23.84.70
896,,107.178.242.165
897,,199.127.193.108
898,,17.253.14.253
899,,142.250.180.164
900,,173.194.79.108
901,,95.101.181.125
902,,192.168.33.55
903,,192.168.33.67
904,,fe80:0000:0000:0000:4a86:8b12:9628:282d
905,,192.168.33.22
906,,fe80:0000:0000:0000:0c15:befb:cd9d:7660
907,,192.168.33.51
908,,150.171.27.10
909,,fe80:0000:0000:0000:0834:c5be:5b1f:fa8d
910,,52.95.120.177
911,,192.168.33.56
912,,62.97.14.205
913,,52.123.128.14
914,,52.109.76.240
915,,52.97.232.194
916,,184.87.214.148
917,,104.208.16.88
918,,fe80:0000:0000:0000:0096:25cd:cc67:ba56
919,,52.108.52.20
920,,195.231.64.58
921,,185.24.11.19
922,,162.55.144.139
923,,52.114.229.0
924,,52.114.114.98
925,,18.133.140.134
926,,52.168.117.171
927,,104.208.16.92
928,,84.53.177.67
929,,34.107.221.82
930,,20.50.80.210
931,,18.66.218.49
932,,52.202.73.196
933,,90.147.160.73
934,,17.8.152.174
935,,52.112.120.223
936,,20.107.224.2
937,,52.109.16.68
938,,34.232.20.15
939,,199.107.16.181
940,,20.190.147.5
941,,35.241.15.198
942,,17.248.161.68
943,,13.69.239.78
944,,104.83.96.250
945,,104.47.17.144
946,,104.208.16.89
947,,84.53.177.82
948,,52.97.186.114
949,,92.123.180.51
950,,172.64.151.101
951,,79.127.216.47
952,,34.225.12.206
953,,2.22.248.146
954,,162.125.81.18
955,,52.111.231.21
956,,162.125.69.18
957,,216.239.36.53
958,,54.157.113.1
959,,172.224.98.16
960,,3.33.221.48
961,,216.58.209.59
962,,92.123.101.153
963,,3.165.239.10
964,,17.248.221.67
965,,108.157.188.7
966,,74.125.206.82
967,,20.42.65.85
968,,151.101.129.108
969,,157.240.203.13
970,,20.50.201.201
971,,40.69.79.107
972,,188.166.203.175
973,,34.236.205.251
974,,216.239.32.36
975,,fe80:0000:0000:0000:54a0:93ff:fe45:c72d
976,,157.240.203.17
977,,31.13.86.9
978,,34.202.253.140
979,,20.189.173.7
980,,92.123.101.106
981,,17.253.14.201
982,,104.22.4.69
983,,54.160.36.121
984,,185.230.212.34
985,,141.95.98.65
986,,15.204.46.102
987,,192.168.1.21
988,,192.168.33.33
989,,173.222.105.36
990,,142.250.74.46
991,,8.2.110.17
992,,104.18.40.240
993,,fe80:0000:0000:0000:0484:1eed:c1ae:da48
994,,184.105.99.50
995,,108.157.186.106
996,,13.69.239.73
997,,108.138.199.44
998,,172.213.243.240
999,,52.109.68.130
1000,,54.226.96.64
1001,,3.233.158.26
1002,,3.233.158.24
1003,,23.214.205.160
1004,,151.101.64.223
1005,,52.213.108.196
1006,,151.101.128.223
1007,,192.168.33.16
1008,,20.50.80.213
1009,,109.70.240.114
1010,,216.58.204.228
1011,,62.149.152.225
1012,,91.81.129.182
1013,,23.209.76.178
1014,,50.19.89.137
1015,,95.100.235.47
1016,,108.138.192.120
1017,,46.137.47.185
1018,,35.71.131.137
1019,,204.79.197.239
1020,,195.8.215.160
1021,,188.65.124.90
1022,,195.8.215.248
1023,,216.58.205.33
1024,,13.107.42.16
1025,,13.226.175.122
1026,,167.235.124.25
1027,,142.251.37.227
1028,,151.101.192.223
1029,,52.29.88.189
1030,,185.53.38.214
1031,,2.22.248.86
1032,,151.101.0.223
1033,,52.109.68.129
1034,,3.165.239.44
1035,,3.68.124.95
1036,,52.55.193.224
1037,,3.233.158.32
1038,,35.186.221.31
1039,,20.54.216.28
1040,,93.186.135.8
1041,,18.66.196.54
1042,,54.187.75.253
1043,,52.98.163.18
1044,,108.138.199.102
1045,,108.157.188.48
1046,,52.109.68.87
1047,,104.18.34.244
1048,,35.201.112.186
1049,,40.126.53.10
1050,,95.110.216.14
1051,,17.23.112.10
1052,,23.36.226.43
1053,,3.65.151.29
1054,,157.240.195.56
1055,,108.138.199.96
1056,,20.199.58.43
1057,,40.126.53.18
1058,,34.159.210.11
1059,,44.193.22.131
1060,,108.139.243.72
1061,,188.65.124.59
1062,,104.26.1.90
1063,,34.102.181.119
1064,,20.190.177.82
1065,,104.21.50.90
1066,,52.123.255.227
1067,,17.36.202.253
1068,,3.165.239.88
1069,,17.253.57.196
1070,,185.102.40.57
1071,,34.96.102.137
1072,,108.138.199.33
1073,,108.139.243.42
1074,,4.209.33.156
1075,,75.101.238.2
1076,,157.240.196.62
1077,,99.83.251.236
1078,,104.17.24.14
1079,,52.111.236.34
1080,,35.186.194.58
1081,,52.97.232.210
1082,,104.225.98.129
1083,,23.214.204.154
1084,,3.165.244.215
1085,,18.66.218.16
1086,,18.66.196.102
1087,,17.253.14.163
1088,,57.129.18.121
1089,,151.101.2.132
1090,,34.240.133.180
1091,,151.101.193.91
1092,,34.240.242.81
1093,,20.190.181.1
1094,,199.232.210.172
1095,,23.214.205.167
1096,,23.214.206.22
1097,,146.75.58.73
1098,,35.244.250.22
1099,,37.157.3.20
1100,,104.17.246.203
1101,,142.251.209.2
1102,,162.125.8.20
1103,,18.66.196.51
1104,,17.253.15.207
1105,,4.155.164.36
1106,,99.86.159.97
1107,,18.193.87.6
1108,,13.74.129.92
1109,,151.101.128.81
1110,,151.101.193.111
1111,,142.251.18.155
1112,,151.101.1.229
1113,,151.58.176.133
1114,,74.125.250.130
1115,,20.198.2.181
1116,,151.101.194.202
1117,,2.19.192.104
1118,,20.42.73.27
1119,,3.160.212.7
1120,,2.22.248.172
1121,,54.72.151.21
1122,,17.253.57.198
1123,,151.101.1.91
1124,,108.139.243.121
1125,,151.58.176.136
1126,,151.101.129.44
1127,,151.101.65.44
1128,,34.111.55.240
1129,,35.244.159.8
1130,,17.248.209.134
1131,,17.8.136.187
1132,,104.22.60.168
1133,,185.89.210.122
1134,,63.140.62.222
1135,,37.157.5.87
1136,,95.101.22.225
1137,,52.109.28.50
1138,,157.240.203.35
1139,,35.190.39.111
1140,,18.66.196.58
1141,,108.139.243.50
1142,,3.165.239.29
1143,,108.157.202.171
1144,,212.102.55.155
1145,,35.201.125.79
1146,,104.83.118.90
1147,,216.58.205.40
1148,,108.139.243.89
1149,,108.139.243.79
1150,,52.16.126.48
1151,,37.252.171.53
1152,,54.78.254.47
1153,,34.248.128.122
1154,,54.159.101.82
1155,,209.58.128.204
1156,,3.165.239.22
1157,,178.250.1.3
1158,,34.96.70.87
1159,,3.233.132.191
1160,,167.235.124.24
1161,,34.111.113.62
1162,,104.18.144.126
1163,,108.157.194.38
1164,,3.127.197.217
1165,,52.211.138.92
1166,,3.234.43.10
1167,,108.138.192.128
1168,,151.101.193.229
1169,,213.209.0.133
1170,,98.82.154.76
1171,,195.8.215.137
1172,,198.199.89.209
1173,,104.26.1.240
1174,,2.19.192.112
1175,,34.49.209.214
1176,,95.101.122.80
1177,,34.120.104.143
1178,,34.120.135.53
1179,,108.139.243.67
1180,,204.79.197.237
1181,,151.101.130.49
1182,,157.240.203.14
1183,,51.92.110.33
1184,,151.101.193.44
1185,,159.8.102.149
1186,,52.123.144.190
1187,,17.57.12.16
1188,,212.45.144.206
1189,,52.112.238.160
1190,,2.19.192.97
1191,,52.87.42.109
1192,,52.111.231.17
1193,,34.198.62.238
1194,,2.22.248.33
1195,,142.250.186.170
1196,,52.218.109.40
1197,,95.101.22.232
1198,,34.243.84.31
1199,,192.229.233.6
1200,,35.201.123.198
1201,,104.26.0.240
1202,,142.251.209.17
1203,,3.233.5.168
1204,,13.226.175.123
1205,,185.125.190.83
1206,,91.189.91.83
1207,,3.165.239.105
1208,,142.250.180.134
1209,,108.177.127.188
1210,,81.17.55.122
1211,,52.123.136.133
1212,,35.201.66.137
1213,,188.65.124.65
1214,,35.71.191.239
1215,,23.206.251.90
1216,,3.67.131.16
1217,,52.95.125.22
1218,,52.92.1.194
1219,,172.64.149.180
1220,,fe80:0000:0000:0000:02e0:4cff:fea2:4ded
1221,,57.153.125.174
1222,,172.64.146.98
1223,,184.87.212.214
1224,,216.58.204.232
1225,,34.252.44.15
1226,,178.250.1.17
1227,,91.189.91.49
1228,,108.138.192.102
1229,,54.86.198.240
1230,,40.126.53.19
1231,,17.145.0.2
1232,,142.250.180.155
1233,,34.248.206.39
1234,,20.54.103.203
1235,,52.208.139.225
1236,,34.91.78.155
1237,,23.206.251.105
1238,,34.66.112.243
1239,,184.87.213.172
1240,,52.212.120.82
1241,,52.222.144.3
1242,,35.156.3.85
1243,,3.33.252.61
1244,,68.232.34.200
1245,,37.252.172.123
1246,,43.204.158.255
1247,,80.158.108.10
1248,,3.68.63.139
1249,,35.214.149.211
1250,,157.240.195.35
1251,,108.138.192.88
1252,,184.87.212.123
1253,,2.18.254.179
1254,,17.36.206.4
1255,,69.173.156.129
1256,,74.125.99.170
1257,,185.116.60.235
1258,,85.13.241.50
1259,,23.214.205.197
1260,,99.86.157.170
1261,,199.232.211.52
1262,,3.165.239.23
1263,,3.160.212.29
1264,,3.165.239.79
1265,,20.231.128.65
1266,,13.89.179.8
1267,,185.199.108.133
1268,,185.199.110.133
1269,,20.190.183.26
1270,,3.125.243.3
1271,,3.165.239.15
1272,,35.171.12.215
1273,,54.227.187.23
1274,,216.239.32.3
1275,,52.97.186.146
1276,,54.162.86.117
1277,,158.69.60.128
1278,,172.67.38.106
1279,,35.201.102.154
1280,,52.111.231.2
1281,,151.101.66.202
1282,,34.97.161.128
1283,,35.180.52.48
1284,,151.101.67.6
1285,,35.84.112.226
1286,,17.32.194.34
1287,,17.157.64.79
1288,,151.101.195.6
1289,,13.226.175.86
1290,,35.234.126.59
1291,,17.253.14.65
1292,,162.125.2.18
1293,,54.187.190.157
1294,,17.253.57.208
1295,,69.173.144.139
1296,,8.2.110.33
1297,,17.253.15.202
1298,,17.253.15.203
1299,,54.194.15.198
1300,,104.26.11.209
1301,,23.214.205.186
1302,,80.67.82.81
1303,,217.200.184.114
1304,,130.211.36.94
1305,,157.240.203.60
1306,,37.157.5.141
1307,,37.193.156.169
1308,,151.101.66.49
1309,,52.92.34.26
1310,,17.253.57.205
1311,,17.253.57.201
1312,,163.181.50.228
1313,,108.139.249.85
1314,,17.248.209.2
1315,,108.138.199.42
1316,,92.123.101.80
1317,,34.121.25.40
1318,,20.20.35.96
1319,,17.248.176.251
1320,,2.18.254.187
1321,,2.20.156.19
1322,,52.111.208.2
1323,,162.125.1.18
1324,,17.137.170.10
1325,,162.125.70.18
1326,,192.0.66.187
1327,,20.231.128.66
1328,,52.109.0.138
1329,,192.124.249.36
1330,,23.33.109.101
1331,,69.173.144.159
1332,,15.197.193.217
1333,,107.21.226.44
1334,,98.82.157.137
1335,,51.11.192.50
1336,,108.157.188.61
1337,,20.33.55.12
1338,,18.184.119.72
1339,,104.18.8.101
1340,,52.31.95.82
1341,,35.201.71.81
1342,,69.173.156.133
1343,,162.125.68.18
1344,,162.125.248.18
1345,,64.233.161.109
1346,,52.218.45.90
1347,,20.190.177.19
1348,,104.18.41.44
1349,,178.250.1.9
1350,,51.178.195.217
1351,,198.47.127.20
1352,,178.250.1.56
1353,,193.0.160.130
1354,,17.253.57.214
1355,,142.250.153.109
1356,,108.138.192.65
1357,,18.66.218.47
1358,,3.165.239.110
1359,,178.32.210.226
1360,,54.246.169.176
1361,,18.195.234.25
1362,,46.228.174.115
1363,,185.89.211.84
1364,,193.41.139.32
1365,,108.157.194.9
1366,,193.41.139.104
1367,,91.227.144.189
1368,,20.118.138.139
1369,,3.165.239.74
1370,,40.99.201.194
1371,,192.168.33.3
1372,,40.126.53.16
1373,,192.168.66.2
1374,,34.36.221.58
1375,,142.250.110.102
1376,,142.251.209.36
1377,,199.232.214.248
1378,,34.1.15.89
1379,,23.1.106.35
1380,,162.125.69.19
1381,,54.242.125.7
1382,,16.63.53.145
1383,,143.244.162.144
1384,,188.114.96.7
1385,,fe80:0000:0000:0000:1fa0:f258:b90d:e2a7
1386,,20.42.73.30
1387,,31.14.133.122
1388,,157.240.231.60
1389,,35.190.43.134
1390,,212.6.50.243
1391,,184.87.213.208
1392,,20.50.73.13
1393,,212.239.16.114
1394,,80.211.133.9
1395,,34.36.90.178
1396,,95.110.254.234
1397,,95.141.35.97
1398,,76.76.21.93
1399,,20.189.173.10
1400,,140.82.121.3
1401,,193.204.114.233
1402,,fe80:0000:0000:0000:d914:0b1b:b14a:5236
1403,,185.15.58.224
1404,,142.250.153.155
1405,,104.18.87.42
1406,,2.18.254.66
1407,,95.101.122.56
1408,,52.58.141.192
1409,,104.18.0.101
1410,,108.138.199.58
1411,,108.157.194.7
1412,,52.98.237.146
1413,,91.81.129.181
1414,,18.199.220.232
1415,,185.170.61.147
1416,,104.18.41.158
1417,,54.91.212.227
1418,,95.101.22.216
1419,,95.101.22.211
1420,,172.64.146.15
1421,,13.107.6.175
1422,,13.89.179.14
1423,,52.178.17.234
1424,,3.94.19.159
1425,,18.102.55.193
1426,,95.101.22.233
1427,,95.101.22.194
1428,,95.100.181.139
1429,,107.154.76.234
1430,,3.254.236.24
1431,,2.19.192.120
1432,,95.101.22.218
1433,,23.206.251.107
1434,,13.49.196.247
1435,,103.67.200.72
1436,,52.28.23.230
1437,,34.253.71.111
1438,,95.140.230.237
1439,,5.161.195.168
1440,,104.22.30.209
1441,,2.22.248.107
1442,,172.67.23.100
1443,,23.1.77.78
1444,,35.207.117.208
1445,,52.211.154.138
1446,,4.231.128.59
1447,,185.89.210.82
1448,,37.252.171.149
1449,,54.85.66.194
1450,,165.227.248.198
1451,,95.101.122.33
1452,,34.36.57.103
1453,,140.82.113.21
1454,,34.102.215.99
1455,,152.199.22.144
1456,,185.80.37.211
1457,,46.228.164.11
1458,,17.248.213.67
1459,,17.32.194.22
1460,,2.22.248.174
1461,,52.16.55.91
1462,,17.248.213.69
1463,,17.32.194.2
1464,,17.248.145.232
1465,,17.248.176.210
1466,,13.107.21.239
1467,,34.252.173.211
1468,,52.59.142.107
1469,,172.224.98.10
1470,,23.21.131.216
1471,,34.125.0.111
1472,,52.178.17.235
1473,,17.248.177.229
1474,,2.22.248.23
1475,,20.42.73.26
1476,,35.214.255.195
1477,,107.6.89.8
1478,,34.117.201.170
1479,,35.166.89.151
1480,,108.138.197.210
1481,,20.50.201.195
1482,,52.123.136.94
1483,,35.206.80.10
1484,,17.248.213.66
1485,,17.57.172.19
1486,,34.92.53.177
1487,,216.58.205.37
1488,,35.199.0.9
1489,,216.58.205.38
1490,,52.55.106.120
1491,,92.123.101.89
1492,,104.83.104.131
1493,,20.54.209.212
1494,,149.154.167.92
1495,,172.224.98.8
1496,,34.158.1.133
1497,,157.240.231.1
1498,,92.122.248.117
1499,,44.235.94.163
1500,,20.189.173.14
1501,,185.255.84.152
1502,,50.31.142.191
1503,,188.166.194.241
1504,,3.160.212.21
1505,,64.233.177.120
1506,,104.16.144.111
1507,,87.248.119.251
1508,,151.101.67.42
1509,,52.25.120.138
1510,,104.18.138.17
1511,,95.217.77.58
1512,,142.250.180.130
1513,,3.165.239.76
1514,,5.161.243.229
1515,,3.210.186.55
1516,,5.161.43.34
1517,,18.66.218.23
1518,,18.66.218.101
1519,,104.18.36.155
1520,,173.194.76.108
1521,,3.5.136.36
1522,,5.135.209.101
1523,,54.68.38.236
1524,,163.70.151.61
1525,,108.138.199.95
1526,,108.138.192.69
1527,,142.250.180.168
1528,,108.139.243.128
1529,,34.232.166.25
1530,,81.17.55.109
1531,,104.104.52.97
1532,,3.165.239.69
1533,,35.186.234.31
1534,,34.120.206.254
1535,,18.66.218.100
1536,,3.217.190.136
1537,,151.101.67.10
1538,,45.60.76.192
1539,,3.67.112.80
1540,,2.22.248.188
1541,,142.250.180.166
1542,,104.16.143.111
1543,,13.226.175.45
1544,,51.104.15.253
1545,,23.36.224.30
1546,,208.67.220.220
1547,,17.253.122.205
1548,,23.51.108.22
1549,,216.58.209.37
1550,,108.157.188.65
1551,,184.104.179.142
1552,,151.101.2.114
1553,,151.99.208.147
1554,,157.240.196.35
1555,,20.44.10.123
1556,,91.81.129.81
1557,,69.173.156.131
1558,,40.79.173.40
1559,,35.71.131.46
1560,,40.79.141.154
1561,,17.253.15.199
1562,,91.228.74.244
1563,,151.101.193.175
1564,,13.107.42.12
1565,,104.22.0.93
1566,,57.153.121.183
1567,,149.202.238.97
1568,,17.253.122.206
1569,,31.13.88.61
1570,,38.111.204.28
1571,,104.196.0.153
1572,,67.220.224.144
1573,,40.79.150.121
1574,,50.17.53.133
1575,,13.36.13.238
1576,,213.227.153.233
1577,,17.36.202.255
1578,,199.232.214.250
1579,,fe80:0000:0000:0000:1068:fd01:a438:5999
1580,,3.5.66.161
1581,,108.138.192.52
1582,,35.227.252.103
1583,,173.194.69.156
1584,,52.86.203.17
1585,,52.123.139.66
1586,,44.199.156.16
1587,,20.86.89.210
1588,,34.160.206.154
1589,,23.211.188.236
1590,,54.197.137.61
1591,,44.241.141.18
1592,,52.113.194.16
1593,,185.125.190.17
1594,,52.113.194.133
1595,,70.42.32.127
1596,,20.189.173.17
1597,,52.123.136.220
1598,,52.123.137.26
1599,,13.226.175.103
1600,,52.95.115.196
1601,,3.160.219.176
1602,,40.89.131.148
1603,,3.5.65.30
1604,,104.26.10.4
1605,,172.64.155.119
1606,,34.110.196.231
1607,,151.101.130.202
1608,,185.89.210.20
1609,,104.18.41.41
1610,,37.157.2.228
1611,,35.165.254.71
1612,,151.101.131.6
1613,,151.101.66.109
1614,,51.116.253.169
1615,,35.227.225.220
1616,,147.32.127.196
1617,,108.157.188.49
1618,,108.138.192.72
1619,,104.19.152.56
1620,,173.194.79.109
1621,,172.67.142.245
1622,,142.250.180.180
1623,,172.65.225.25
1624,,92.123.101.104
1625,,20.50.73.9
1626,,34.204.238.1
1627,,52.182.141.63
1628,,93.186.135.106
1629,,172.224.59.10
1630,,17.57.152.32
1631,,52.98.243.146
1632,,fe80:0000:0000:0000:1298:c3ff:fe15:df2b
1633,,92.123.101.96
1634,,104.18.38.77
1635,,52.111.202.3
1636,,2.19.192.57
1637,,fe80:0000:0000:0000:6eff:ae69:ea3e:20c1
1638,,169.254.132.71
1639,,18.66.196.86
1640,,17.188.143.158
1641,,20.190.181.2
1642,,52.123.137.159
1643,,18.213.32.120
1644,,108.139.243.76
1645,,57.153.124.226
1646,,17.145.53.1
1647,,91.189.91.97
1648,,52.111.209.8
1649,,2.22.248.135
1650,,17.248.221.65
1651,,17.8.155.117
1652,,17.248.221.68
1653,,17.248.221.132
1654,,34.149.130.207
1655,,151.101.193.140
1656,,20.190.177.21
1657,,17.248.173.44
1658,,17.145.16.2
1659,,108.157.194.5
1660,,20.190.147.8
1661,,104.104.52.19
1662,,17.248.229.130
1663,,23.40.141.100
1664,,20.189.173.12
1665,,3.67.35.217
1666,,67.220.226.171
1667,,173.194.69.188
1668,,151.101.39.21
1669,,2001:0b07:5d29:fcf9:2523:15df:0984:8499
1670,,17.248.221.69
1671,,17.36.202.254
1672,,107.178.244.157
1673,,139.45.197.245
1674,,108.139.249.222
1675,,104.22.60.141
1676,,84.53.177.25
1677,,20.50.88.227
1678,,3.5.65.1
1679,,192.124.249.41
1680,,142.251.18.188
1681,,44.221.177.143
1682,,20.42.65.88
1683,,108.139.246.161
1684,,34.120.208.123
1685,,104.16.160.168
1686,,74.125.250.252
1687,,52.123.128.254
1688,,40.99.217.34
1689,,51.104.136.2
1690,,34.255.252.80
1691,,108.138.192.46
1692,,18.185.165.203
1693,,178.33.36.247
1694,,50.112.82.227
1695,,52.218.96.155
1696,,fe80:0000:0000:0000:7ba5:d6a3:de7c:3010
1697,,5.135.123.68
1698,,23.97.139.68
1699,,216.239.38.223
1700,,3.232.6.11
1701,,64.202.112.31
1702,,151.101.65.140
1703,,212.45.144.88
1704,,216.239.32.29
1705,,108.157.198.163
1706,,2.19.192.58
1707,,18.66.218.90
1708,,142.251.209.27
1709,,172.224.98.5
1710,,13.226.175.99
1711,,108.138.192.84
1712,,108.157.193.110
1713,,92.123.180.25
1714,,104.26.9.169
1715,,185.255.84.151
1716,,34.29.182.184
1717,,34.107.243.93
1718,,52.111.229.19
1719,,17.253.144.10
1720,,17.253.15.218
1721,,52.218.98.24
1722,,3.233.158.25
1723,,52.92.33.58
1724,,108.138.198.120
1725,,172.66.0.227
1726,,3.68.61.181
1727,,192.168.1.76
1728,,3.233.158.33
1729,,52.206.200.10
1730,,35.190.26.192
1731,,54.77.160.229
1732,,54.239.34.226
1733,,142.250.145.108
1734,,17.253.57.207
1735,,44.207.205.68
1736,,17.248.213.70
1737,,104.244.42.195
1738,,34.199.210.120
1739,,91.80.49.22
1740,,74.125.71.207
1741,,3.160.212.105
1742,,104.215.78.13
1743,,151.101.66.132
1744,,104.26.12.205
1745,,17.248.145.107
1746,,35.160.151.220
1747,,35.236.71.176
1748,,92.122.95.168
1749,,23.214.205.129
1750,,34.195.159.17
1751,,185.20.209.52
1752,,204.141.42.100
1753,,103.103.196.92
1754,,17.188.182.132
1755,,193.193.183.197
1756,,40.126.53.13
1757,,104.16.99.215
1758,,151.101.194.132
1759,,20.101.57.9
1760,,2.22.248.101
1761,,17.248.176.196
1762,,151.101.195.9
1763,,17.188.182.4
1764,,103.138.128.66
1765,,4.209.244.239
1766,,91.81.129.180
1767,,23.214.204.28
1768,,17.23.18.34
1769,,34.237.184.165
1770,,20.223.35.26
1771,,23.214.205.105
1772,,140.82.121.4
1773,,20.189.173.2
1774,,34.195.39.242
1775,,185.54.150.115
1776,,3.215.243.167
1777,,103.163.152.67
1778,,92.123.101.112
1779,,52.3.210.76
1780,,108.177.127.108
1781,,3.233.177.238
1782,,104.17.175.201
1783,,92.123.180.11
1784,,188.114.97.7
1785,,151.101.193.108
1786,,142.251.221.35
1787,,142.251.209.38
1788,,192.168.33.57
1789,,52.218.56.160
1790,,fe80:0000:0000:0000:1c59:5e01:62bb:6a71
1791,,192.168.33.59
1792,,17.253.15.200
1793,,52.111.236.35
1794,,fe80:0000:0000:0000:18a1:e2be:9c0e:19bf
1795,,192.168.33.76
1796,,2.23.155.235
1797,,fe80:0000:0000:0000:102a:357e:2956:b450
1798,,151.101.131.10
1799,,192.168.33.39
1800,,3.5.71.168
1801,,54.195.199.165
1802,,44.228.23.33
1803,,145.40.68.75
1804,,108.138.199.62
1805,,108.139.243.111
1806,,62.149.128.202
1807,,fe80:0000:0000:0000:b4cb:b5ff:fe06:098c
1808,,108.139.243.45
1809,,23.32.220.30
1810,,3.165.239.2
1811,,17.253.14.131
1812,,172.64.146.49
1813,,52.5.164.86
1814,,34.193.218.153
1815,,18.235.59.79
1816,,18.66.196.59
1817,,108.138.199.22
1818,,18.66.218.112
1819,,182.22.16.251
1820,,18.66.196.28
1821,,18.66.218.86
1822,,18.66.218.27
1823,,185.151.204.11
1824,,142.251.168.207
1825,,86.107.36.80
1826,,18.66.196.125
1827,,104.18.80.204
1828,,104.17.128.172
1829,,108.156.2.86
1830,,108.156.2.111
1831,,17.248.209.135
1832,,52.123.136.225
1833,,13.69.239.77
1834,,52.182.143.214
1835,,2.22.32.171
1836,,34.102.162.219
1837,,18.102.228.94
1838,,91.235.132.130
1839,,185.198.117.102
1840,,193.203.231.41
1841,,3.223.236.129
1842,,216.239.34.178
1843,,104.18.32.137
1844,,44.205.233.108
1845,,54.153.76.193
1846,,54.193.136.25
1847,,172.64.146.13
1848,,20.190.177.22
1849,,2.20.157.48
1850,,17.248.209.128
1851,,63.140.62.17
1852,,95.168.212.25
1853,,18.66.218.6
1854,,151.101.194.217
1855,,185.125.190.58
1856,,100.24.223.135
1857,,140.82.15.15
1858,,52.98.243.152
1859,,40.126.53.7
1860,,95.140.230.170
1861,,104.16.35.29
1862,,108.138.192.12
1863,,108.138.199.100
1864,,172.224.132.71
1865,,2.20.157.116
1866,,17.8.154.56
1867,,35.186.252.114
1868,,104.83.98.9
1869,,35.214.138.202
1870,,151.101.240.157
1871,,185.15.58.240
1872,,57.144.120.144
1873,,108.138.192.82
1874,,2.22.248.97
1875,,92.123.101.43
1876,,35.158.61.166
1877,,57.144.121.32
1878,,95.211.66.35
1879,,104.244.42.131
1880,,20.190.147.12
1881,,108.157.194.125
1882,,52.123.133.210
1883,,185.199.109.154
1884,,104.16.254.120
1885,,52.92.0.138
1886,,185.199.109.153
1887,,52.123.159.15
1888,,98.128.159.146
1889,,207.211.211.26
1890,,195.181.170.18
1891,,185.125.190.56
1892,,52.109.76.144
1893,,3.160.213.175
1894,,52.215.155.11
1895,,34.199.166.121
1896,,151.101.192.176
1897,,20.189.173.4
1898,,34.131.78.121
1899,,216.198.53.3
1900,,3.248.173.67
1901,,54.229.135.186
1902,,52.17.131.31
1903,,52.102.18.230
1904,,172.67.40.173
1905,,23.196.139.224
1906,,34.94.232.12
1907,,34.102.163.6
1908,,104.104.54.219
1909,,18.66.218.65
1910,,185.151.204.50
1911,,18.66.196.93
1912,,195.181.175.40
1913,,104.16.79.73
1914,,45.137.176.88
1915,,89.149.192.73
1916,,35.83.159.255
1917,,17.253.15.214
1918,,52.111.231.24
1919,,2.22.34.98
1920,,17.253.122.115
1921,,52.219.193.178
1922,,52.219.193.57
1923,,184.87.213.132
1924,,89.207.16.137
1925,,3.5.65.35
1926,,89.46.105.67
1927,,69.166.1.66
1928,,108.157.188.3
1929,,31.11.35.109
1930,,92.123.180.43
1931,,67.220.228.202
1932,,52.92.33.114
1933,,18.197.30.174
1934,,3.127.175.197
1935,,151.101.66.208
1936,,3.214.207.134
1937,,37.252.173.215
1938,,162.19.138.119
1939,,31.13.86.2
1940,,3.165.239.33
1941,,3.160.212.23
1942,,20.105.216.43
1943,,34.98.64.218
1944,,46.8.152.14
1945,,13.226.175.38
1946,,81.17.55.112
1947,,51.89.9.253
1948,,185.170.62.218
1949,,20.86.94.138
1950,,2.20.157.2
1951,,104.18.36.156
1952,,213.95.181.105
1953,,3.166.165.26
1954,,104.16.138.209
1955,,52.219.220.250
1956,,172.240.45.75
1957,,108.139.243.98
1958,,151.101.128.176
1959,,193.3.178.3
1960,,92.123.180.50
1961,,34.107.165.5
1962,,151.101.64.176
1963,,216.58.209.34
1964,,23.206.251.66
1965,,104.21.83.230
1966,,18.66.218.102
1967,,51.89.9.254
1968,,162.125.69.21
1969,,76.76.21.9
1970,,34.160.237.178
1971,,5.159.57.194
1972,,142.251.31.188
1973,,108.157.188.86
1974,,52.111.231.23
1975,,35.211.132.58
1976,,35.241.8.242
1977,,172.67.25.151
1978,,35.172.245.152
1979,,172.65.238.60
1980,,172.65.202.85
1981,,18.66.196.100
1982,,104.155.19.159
1983,,17.253.53.77
1984,,142.251.31.108
1985,,212.102.54.198
1986,,52.28.183.118
1987,,3.76.128.244
1988,,17.248.213.68
1989,,3.160.212.113
1990,,34.199.234.25
1991,,23.22.161.74
1992,,17.253.56.245
1993,,34.117.64.71
1994,,79.129.11.196
1995,,52.228.161.197
1996,,159.65.106.141
1997,,13.58.97.162
1998,,52.160.32.42
1999,,13.91.225.65
2000,,13.83.49.1
2001,,104.40.60.93
